Source;Target
1;49
1;87
1;89
1;94
1;101
1;119
1;166
1;168
1;198
1;205
1;209
1;269
1;296
1;302
1;336
2;34
2;42
2;66
2;104
2;106
2;122
2;135
2;181
2;208
2;216
2;218
2;251
3;13
3;18
3;20
3;22
3;47
3;50
3;51
3;52
3;54
3;55
3;73
3;74
3;88
3;105
3;109
3;119
3;141
3;149
3;167
3;177
3;178
3;189
3;204
3;231
3;237
3;240
3;242
3;243
3;245
3;256
3;258
3;264
3;278
3;284
3;306
3;311
3;315
3;324
3;326
3;330
3;347
3;350
3;380
4;49
4;86
4;87
4;89
4;94
4;119
4;168
4;198
4;205
4;209
4;269
4;302
4;307
4;317
4;336
4;376
4;379
6;81
6;129
6;266
6;371
6;374
8;16
8;23
8;31
8;34
8;42
8;44
8;46
8;63
8;66
8;80
8;107
8;122
8;126
8;134
8;154
8;169
8;181
8;187
8;194
8;208
8;216
8;218
8;250
8;251
8;272
8;363
9;46
9;90
9;106
9;122
9;124
9;134
9;172
9;179
9;181
9;194
9;216
9;218
9;251
9;277
9;327
9;363
10;240
10;300
11;20
11;22
11;26
11;47
11;51
11;54
11;73
11;74
11;86
11;90
11;93
11;120
11;123
11;133
11;151
11;152
11;157
11;165
11;167
11;176
11;178
11;189
11;196
11;199
11;204
11;222
11;234
11;236
11;237
11;240
11;243
11;245
11;246
11;256
11;258
11;267
11;278
11;291
11;311
11;324
11;326
11;331
12;44
12;46
12;78
12;84
12;85
12;102
12;104
12;106
12;107
12;122
12;126
12;128
12;134
12;135
12;164
12;169
12;172
12;179
12;180
12;181
12;208
12;216
12;218
12;251
12;262
12;272
12;293
12;294
12;327
12;363
13;18
13;26
13;54
13;71
13;83
13;88
13;90
13;93
13;100
13;105
13;119
13;141
13;142
13;151
13;152
13;157
13;167
13;176
13;184
13;196
13;215
13;222
13;237
13;240
13;242
13;243
13;245
13;246
13;258
13;278
13;306
13;324
13;331
13;350
13;352
16;28
16;34
16;39
16;42
16;44
16;63
16;66
16;80
16;84
16;99
16;102
16;104
16;106
16;122
16;124
16;135
16;140
16;160
16;164
16;169
16;173
16;218
16;251
16;262
16;274
16;286
16;287
16;293
16;327
17;22
17;35
17;38
17;57
17;59
17;65
17;100
17;129
17;182
17;240
17;315
17;381
18;13
18;19
18;20
18;22
18;26
18;47
18;50
18;52
18;54
18;71
18;83
18;88
18;93
18;100
18;105
18;109
18;114
18;123
18;141
18;142
18;149
18;151
18;152
18;157
18;167
18;176
18;189
18;196
18;206
18;215
18;222
18;234
18;237
18;242
18;245
18;246
18;256
18;278
18;291
18;324
18;326
18;341
18;352
19;18
19;20
19;26
19;47
19;51
19;54
19;73
19;83
19;88
19;90
19;93
19;100
19;109
19;120
19;123
19;141
19;143
19;149
19;151
19;152
19;157
19;158
19;165
19;167
19;176
19;178
19;199
19;204
19;215
19;222
19;234
19;236
19;240
19;245
19;246
19;256
19;258
19;267
19;278
19;291
19;311
19;315
19;324
19;331
20;11
20;18
20;19
20;22
20;52
20;86
20;88
20;90
20;93
20;100
20;114
20;119
20;120
20;131
20;143
20;151
20;157
20;158
20;167
20;176
20;178
20;182
20;186
20;222
20;236
20;238
20;239
20;240
20;245
20;256
20;258
20;267
20;278
20;285
20;291
20;311
20;315
20;323
20;331
20;336
20;341
20;350
20;368
20;369
21;17
21;22
21;38
21;43
21;59
21;65
21;81
21;112
21;127
21;129
21;170
21;182
21;183
21;240
21;266
21;371
22;3
22;11
22;17
22;18
22;20
22;21
22;38
22;50
22;51
22;52
22;54
22;55
22;59
22;74
22;83
22;90
22;100
22;105
22;109
22;119
22;122
22;123
22;129
22;131
22;136
22;149
22;151
22;157
22;161
22;165
22;167
22;171
22;178
22;189
22;193
22;199
22;204
22;231
22;235
22;238
22;239
22;240
22;242
22;245
22;253
22;258
22;264
22;278
22;289
22;291
22;306
22;311
22;315
22;324
22;326
22;330
22;347
23;30
23;40
23;44
23;46
23;84
23;85
23;90
23;97
23;102
23;107
23;124
23;126
23;128
23;134
23;135
23;154
23;164
23;169
23;172
23;181
23;194
23;216
23;218
23;251
23;272
23;277
23;293
23;294
23;327
23;363
25;292
25;338
25;346
25;351
25;353
26;13
26;18
26;19
26;50
26;51
26;52
26;100
26;133
26;151
26;152
26;165
26;167
26;222
26;231
26;234
26;235
26;240
26;258
26;278
26;291
26;323
27;99
27;113
28;34
28;40
28;42
28;63
28;66
28;80
28;104
28;106
28;124
28;134
28;146
28;160
28;164
28;169
28;173
28;181
28;218
28;251
28;262
28;274
28;286
28;287
29;112
29;127
29;183
29;315
29;355
30;23
30;34
30;59
30;78
30;85
30;107
30;121
30;126
30;134
30;154
30;156
30;164
30;169
30;172
30;180
30;181
30;194
30;216
30;250
30;251
30;272
31;40
31;42
31;44
31;46
31;78
31;80
31;84
31;90
31;97
31;106
31;122
31;124
31;126
31;128
31;134
31;154
31;169
31;172
31;179
31;181
31;194
31;208
31;216
31;218
31;250
31;251
31;262
31;272
31;277
31;363
31;367
33;195
33;217
33;227
33;240
33;366
34;8
34;16
34;28
34;30
34;39
34;42
34;44
34;66
34;78
34;84
34;104
34;106
34;121
34;122
34;124
34;135
34;146
34;160
34;169
34;173
34;181
34;216
34;218
34;251
34;262
34;327
35;59
36;99
36;113
36;190
36;283
36;292
36;338
36;353
36;357
37;81
37;171
37;241
37;259
38;7
38;17
38;21
38;22
38;37
38;57
38;59
38;65
38;81
38;100
38;115
38;129
38;170
38;182
38;204
38;241
38;266
38;315
38;355
38;359
38;371
38;374
39;34
39;42
39;63
39;66
39;80
39;106
39;121
39;122
39;124
39;181
39;218
39;251
39;287
40;23
40;28
40;31
40;42
40;46
40;85
40;90
40;97
40;102
40;106
40;107
40;124
40;126
40;134
40;135
40;154
40;172
40;179
40;181
40;194
40;216
40;218
40;250
40;251
40;272
40;274
40;277
40;293
40;294
40;327
40;363
42;8
42;16
42;28
42;31
42;34
42;39
42;40
42;44
42;46
42;63
42;66
42;80
42;84
42;102
42;106
42;121
42;122
42;126
42;128
42;135
42;154
42;169
42;172
42;173
42;179
42;181
42;187
42;194
42;216
42;218
42;250
42;251
42;262
42;287
42;293
42;327
42;363
42;367
43;240
44;12
44;16
44;23
44;31
44;34
44;42
44;46
44;78
44;84
44;85
44;102
44;106
44;134
44;154
44;156
44;164
44;169
44;172
44;179
44;180
44;181
44;194
44;216
44;218
44;250
44;251
44;272
44;294
44;303
44;363
44;367
45;70
45;283
45;328
45;338
45;349
45;357
46;9
46;12
46;23
46;31
46;40
46;42
46;44
46;78
46;80
46;84
46;85
46;97
46;102
46;106
46;107
46;122
46;124
46;126
46;128
46;134
46;135
46;154
46;164
46;169
46;172
46;179
46;180
46;181
46;194
46;208
46;216
46;218
46;250
46;251
46;262
46;272
46;277
46;282
46;293
46;294
46;303
46;327
46;363
47;11
47;18
47;19
47;50
47;51
47;54
47;73
47;74
47;90
47;96
47;100
47;109
47;119
47;123
47;130
47;133
47;142
47;149
47;151
47;152
47;157
47;167
47;171
47;176
47;177
47;178
47;189
47;192
47;199
47;204
47;206
47;222
47;230
47;231
47;234
47;238
47;239
47;240
47;258
47;278
47;289
47;291
47;306
47;311
47;315
47;323
47;326
47;330
47;336
48;118
48;248
48;290
48;309
48;351
48;361
49;4
49;89
49;94
49;101
49;119
49;166
49;168
49;198
49;205
49;209
49;253
49;269
49;296
49;302
49;307
49;317
49;336
49;345
49;376
50;18
50;22
50;26
50;47
50;51
50;52
50;73
50;88
50;90
50;93
50;105
50;141
50;149
50;152
50;167
50;177
50;178
50;184
50;199
50;204
50;215
50;234
50;242
50;256
50;258
50;278
50;291
50;306
50;311
50;324
50;380
51;11
51;19
51;22
51;26
51;47
51;50
51;52
51;54
51;73
51;74
51;83
51;88
51;90
51;93
51;100
51;114
51;119
51;123
51;133
51;141
51;142
51;149
51;151
51;152
51;157
51;158
51;167
51;176
51;178
51;186
51;199
51;215
51;222
51;234
51;236
51;237
51;238
51;245
51;256
51;258
51;278
51;291
51;306
51;311
51;315
51;380
52;18
52;20
52;22
52;26
52;50
52;51
52;71
52;82
52;83
52;90
52;105
52;109
52;119
52;141
52;158
52;167
52;178
52;235
52;237
52;240
52;242
52;246
52;258
52;278
52;291
52;311
52;380
53;67
53;83
53;114
53;120
53;131
53;175
53;177
53;178
53;238
53;240
53;285
53;311
53;341
53;368
53;369
54;3
54;11
54;13
54;18
54;19
54;22
54;47
54;51
54;55
54;73
54;74
54;93
54;95
54;100
54;105
54;109
54;114
54;119
54;123
54;141
54;149
54;151
54;152
54;157
54;165
54;167
54;175
54;177
54;178
54;186
54;189
54;196
54;199
54;204
54;215
54;222
54;231
54;233
54;234
54;236
54;237
54;242
54;245
54;246
54;278
54;291
54;306
54;311
54;324
54;326
54;330
54;331
54;347
54;380
55;22
55;54
55;74
55;105
55;119
55;178
55;204
55;231
55;242
55;270
55;326
55;347
56;67
56;92
56;118
56;125
56;163
56;354
57;38
57;59
57;182
59;17
59;21
59;22
59;24
59;30
59;35
59;38
59;57
59;58
59;65
59;81
59;100
59;112
59;115
59;127
59;129
59;178
59;182
59;183
59;193
59;204
59;227
59;232
59;240
59;266
59;312
59;315
59;366
59;371
59;374
59;377
61;68
61;163
61;248
61;271
61;290
61;328
61;351
61;354
61;361
61;362
62;231
63;16
63;28
63;39
63;42
63;66
63;80
63;122
63;169
63;173
63;274
63;286
63;287
64;240
65;21
65;38
65;59
65;81
65;129
65;266
65;355
65;371
65;374
66;8
66;16
66;28
66;34
66;39
66;42
66;53
66;56
66;63
66;67
66;80
66;84
66;92
66;102
66;106
66;118
66;122
66;124
66;125
66;126
66;135
66;163
66;169
66;181
66;216
66;218
66;248
66;251
66;262
66;277
66;293
66;349
66;354
66;357
66;363
67;56
67;66
67;92
67;118
67;125
67;163
67;248
67;349
67;354
67;357
69;284
69;339
70;190
70;283
70;309
70;338
71;18
71;52
71;74
71;83
71;88
71;93
71;96
71;109
71;133
71;141
71;142
71;167
71;176
71;178
71;204
71;215
71;222
71;236
71;237
71;240
71;242
71;243
71;246
71;291
71;331
71;352
72;192
72;204
72;231
72;245
72;250
72;331
73;11
73;19
73;47
73;50
73;51
73;54
73;74
73;83
73;88
73;90
73;93
73;109
73;114
73;119
73;133
73;141
73;142
73;148
73;149
73;151
73;152
73;167
73;176
73;177
73;178
73;184
73;186
73;189
73;196
73;199
73;213
73;222
73;234
73;236
73;237
73;240
73;243
73;249
73;254
73;256
73;258
73;263
73;278
73;291
73;306
73;311
73;326
73;350
74;3
74;11
74;22
74;47
74;51
74;54
74;55
74;71
74;73
74;93
74;96
74;105
74;119
74;123
74;151
74;167
74;176
74;178
74;186
74;189
74;199
74;204
74;231
74;236
74;237
74;240
74;242
74;245
74;246
74;267
74;278
74;291
74;316
74;324
74;326
74;330
74;331
74;347
75;89
75;119
75;198
75;205
75;207
75;253
75;296
75;307
75;317
75;336
75;376
77;163
77;248
77;290
77;357
78;30
78;31
78;34
78;44
78;46
78;80
78;102
78;124
78;156
78;169
78;187
78;216
78;286
78;363
78;377
80;16
80;28
80;31
80;39
80;42
80;46
80;63
80;66
80;78
80;84
80;102
80;104
80;106
80;122
80;124
80;135
80;140
80;146
80;154
80;160
80;169
80;173
80;181
80;194
80;208
80;218
80;251
80;274
80;286
80;287
80;293
80;303
80;327
81;21
81;37
81;38
81;59
81;65
81;112
81;129
81;183
81;227
81;247
81;266
81;315
81;355
81;371
81;374
82;111
82;114
82;119
82;137
82;143
82;144
82;147
82;149
82;150
82;153
82;155
82;159
82;184
82;185
82;188
82;196
82;202
82;213
82;219
82;220
82;243
82;249
82;255
82;260
82;263
82;264
82;268
82;288
82;310
82;313
82;358
83;18
83;19
83;22
83;51
83;52
83;53
83;71
83;73
83;88
83;100
83;105
83;119
83;141
83;142
83;149
83;153
83;158
83;167
83;176
83;178
83;215
83;222
83;234
83;235
83;237
83;246
83;256
83;258
83;267
83;291
83;331
83;350
83;352
83;375
84;16
84;23
84;31
84;34
84;42
84;44
84;46
84;66
84;80
84;104
84;106
84;107
84;122
84;124
84;126
84;128
84;134
84;135
84;140
84;154
84;164
84;169
84;172
84;179
84;181
84;218
84;251
84;262
84;272
84;274
84;277
84;286
84;293
84;294
84;303
84;327
84;363
84;367
85;23
85;30
85;40
85;44
85;46
85;102
85;104
85;107
85;126
85;128
85;134
85;135
85;154
85;156
85;164
85;169
85;172
85;179
85;180
85;181
85;187
85;194
85;216
85;218
85;250
85;251
85;262
85;272
85;277
85;282
85;294
85;327
85;363
86;11
86;14
86;20
86;87
86;89
86;93
86;94
86;101
86;119
86;133
86;143
86;144
86;150
86;178
86;188
86;191
86;205
86;209
86;213
86;252
86;253
86;268
86;285
86;288
86;296
86;301
86;302
86;307
86;311
86;315
86;317
86;336
86;345
86;376
87;4
87;75
87;86
87;89
87;94
87;119
87;166
87;209
87;253
87;307
87;317
87;336
87;345
87;376
88;13
88;18
88;19
88;20
88;50
88;51
88;71
88;73
88;83
88;109
88;119
88;133
88;141
88;142
88;149
88;151
88;152
88;157
88;167
88;178
88;213
88;215
88;222
88;237
88;238
88;243
88;246
88;258
88;278
88;291
88;306
88;311
88;315
88;336
88;352
89;4
89;49
89;69
89;75
89;86
89;87
89;94
89;119
89;168
89;198
89;205
89;209
89;269
89;302
89;307
89;317
89;336
89;376
89;379
90;11
90;13
90;19
90;20
90;22
90;23
90;31
90;40
90;47
90;50
90;51
90;52
90;73
90;93
90;97
90;102
90;104
90;107
90;109
90;119
90;123
90;128
90;132
90;134
90;135
90;142
90;151
90;152
90;157
90;167
90;169
90;172
90;176
90;177
90;178
90;179
90;181
90;196
90;199
90;206
90;208
90;216
90;218
90;222
90;234
90;236
90;240
90;243
90;245
90;251
90;256
90;258
90;262
90;263
90;267
90;272
90;277
90;278
90;291
90;294
90;324
90;326
90;327
90;331
90;352
90;363
90;367
91;240
92;56
92;66
92;67
92;162
92;163
92;248
92;271
92;290
92;309
92;351
92;361
92;362
93;13
93;18
93;19
93;20
93;50
93;51
93;54
93;71
93;73
93;74
93;86
93;90
93;100
93;109
93;119
93;123
93;133
93;141
93;142
93;148
93;149
93;151
93;152
93;157
93;167
93;176
93;177
93;178
93;193
93;199
93;215
93;222
93;237
93;240
93;242
93;243
93;246
93;258
93;278
93;291
93;306
93;311
93;324
93;326
93;330
93;347
93;352
94;4
94;49
94;86
94;87
94;89
94;119
94;166
94;205
94;209
94;253
94;307
94;317
94;336
94;376
94;379
95;136
96;71
96;74
96;171
96;204
96;289
97;31
97;40
97;46
97;90
97;102
97;106
97;107
97;122
97;134
97;172
97;179
97;181
97;194
97;208
97;216
97;218
97;251
97;262
97;272
97;277
97;294
97;363
98;99
98;125
98;163
98;344
98;357
99;27
99;36
99;98
99;113
99;190
99;328
99;351
100;17
100;18
100;19
100;20
100;22
100;26
100;29
100;38
100;47
100;51
100;54
100;59
100;83
100;93
100;105
100;114
100;115
100;119
100;131
100;132
100;142
100;143
100;151
100;152
100;158
100;176
100;178
100;182
100;199
100;204
100;206
100;222
100;234
100;235
100;236
100;237
100;240
100;242
100;245
100;256
100;267
100;285
100;291
100;299
100;311
100;315
100;323
100;326
100;331
100;341
100;359
100;366
100;372
100;381
101;49
101;86
101;119
101;198
101;205
101;209
101;296
101;314
101;336
102;16
102;23
102;40
102;42
102;44
102;46
102;66
102;78
102;80
102;85
102;90
102;97
102;106
102;107
102;122
102;124
102;134
102;146
102;154
102;156
102;160
102;164
102;169
102;172
102;179
102;181
102;187
102;194
102;208
102;216
102;218
102;250
102;251
102;262
102;272
102;277
102;293
102;294
102;327
102;363
103;232
103;312
103;322
103;382
104;12
104;16
104;28
104;34
104;80
104;84
104;85
104;90
104;106
104;122
104;124
104;134
104;135
104;146
104;154
104;157
104;164
104;169
104;172
104;179
104;181
104;204
104;216
104;218
104;250
104;251
104;262
104;272
104;274
104;286
104;293
104;294
104;303
104;327
104;363
105;13
105;18
105;22
105;50
105;52
105;54
105;55
105;74
105;83
105;100
105;114
105;119
105;141
105;152
105;158
105;178
105;189
105;204
105;233
105;235
105;242
105;246
105;278
105;306
105;311
105;324
105;326
105;330
105;331
105;347
105;380
106;9
106;12
106;16
106;28
106;31
106;34
106;39
106;40
106;42
106;44
106;46
106;66
106;80
106;84
106;97
106;102
106;104
106;122
106;124
106;126
106;135
106;140
106;154
106;160
106;164
106;169
106;172
106;173
106;179
106;181
106;187
106;216
106;218
106;250
106;251
106;262
106;272
106;274
106;277
106;284
106;286
106;293
106;294
106;303
106;327
106;363
106;367
107;12
107;23
107;30
107;40
107;46
107;84
107;85
107;90
107;97
107;102
107;121
107;126
107;128
107;134
107;172
107;179
107;180
107;181
107;187
107;194
107;216
107;218
107;250
107;251
107;272
107;277
107;294
107;327
107;363
108;204
108;242
109;18
109;19
109;22
109;47
109;52
109;54
109;71
109;73
109;88
109;90
109;93
109;119
109;133
109;141
109;142
109;149
109;151
109;158
109;167
109;189
109;215
109;222
109;223
109;237
109;240
109;256
109;258
109;278
109;350
110;325
111;143
111;144
111;153
111;159
111;185
111;188
111;196
111;200
111;213
111;219
111;252
111;255
111;260
111;263
111;265
111;280
111;281
111;288
111;313
111;358
112;29
112;59
112;81
112;127
112;183
112;247
112;355
112;374
113;36
113;99
113;190
113;283
113;292
113;338
113;349
113;353
114;20
114;51
114;53
114;54
114;73
114;82
114;100
114;105
114;119
114;123
114;131
114;143
114;144
114;148
114;149
114;150
114;153
114;158
114;167
114;178
114;184
114;186
114;188
114;191
114;192
114;196
114;200
114;212
114;213
114;215
114;219
114;220
114;222
114;231
114;237
114;240
114;242
114;243
114;245
114;249
114;252
114;254
114;256
114;258
114;260
114;263
114;264
114;265
114;267
114;268
114;280
114;281
114;285
114;288
114;291
114;311
114;315
114;323
114;331
114;341
114;358
114;368
114;369
115;38
115;59
115;100
115;182
116;257
116;326
116;340
117;145
117;168
117;196
117;219
117;220
117;224
117;249
117;310
118;56
118;66
118;67
118;163
118;248
118;271
118;354
118;362
119;1
119;3
119;4
119;13
119;20
119;22
119;47
119;49
119;51
119;52
119;54
119;55
119;73
119;74
119;75
119;82
119;83
119;86
119;87
119;88
119;89
119;90
119;93
119;94
119;100
119;101
119;105
119;109
119;114
119;117
119;120
119;131
119;136
119;141
119;143
119;144
119;147
119;148
119;149
119;150
119;151
119;152
119;166
119;167
119;177
119;178
119;184
119;188
119;189
119;191
119;196
119;198
119;199
119;200
119;202
119;204
119;205
119;206
119;209
119;213
119;219
119;220
119;228
119;230
119;231
119;233
119;234
119;236
119;240
119;242
119;243
119;245
119;246
119;252
119;253
119;254
119;255
119;256
119;258
119;260
119;263
119;264
119;268
119;269
119;278
119;288
119;291
119;296
119;302
119;306
119;307
119;310
119;311
119;313
119;314
119;317
119;323
119;324
119;326
119;330
119;331
119;336
119;347
119;350
119;358
119;368
119;369
119;376
119;380
120;19
120;20
120;53
120;119
120;130
120;131
120;151
120;157
120;165
120;178
120;186
120;204
120;207
120;223
120;224
120;226
120;236
120;238
120;240
120;245
120;256
120;258
120;267
120;285
120;291
120;306
120;311
120;315
120;323
120;331
120;341
120;368
120;369
121;34
121;39
121;42
121;107
121;126
121;169
121;180
121;181
121;216
121;251
121;272
122;8
122;9
122;12
122;16
122;22
122;31
122;34
122;39
122;42
122;46
122;63
122;66
122;80
122;84
122;97
122;102
122;104
122;106
122;124
122;126
122;128
122;134
122;135
122;140
122;160
122;164
122;169
122;172
122;179
122;181
122;194
122;204
122;208
122;216
122;218
122;250
122;251
122;262
122;272
122;274
122;277
122;282
122;286
122;293
122;294
122;303
122;327
122;363
123;18
123;19
123;22
123;47
123;51
123;54
123;74
123;90
123;93
123;114
123;141
123;142
123;151
123;152
123;157
123;167
123;178
123;186
123;222
123;231
123;234
123;236
123;240
123;245
123;246
123;256
123;291
123;315
123;323
123;324
123;326
123;330
123;331
123;341
123;368
124;16
124;23
124;28
124;31
124;34
124;39
124;40
124;46
124;66
124;78
124;80
124;84
124;102
124;104
124;106
124;122
124;126
124;128
124;135
124;146
124;154
124;164
124;169
124;172
124;179
124;181
124;194
124;216
124;218
124;250
124;251
124;262
124;272
124;274
124;277
124;286
124;293
124;294
124;303
124;327
124;363
125;66
125;67
125;77
125;98
125;163
125;344
125;349
125;354
126;12
126;23
126;30
126;31
126;40
126;42
126;46
126;66
126;84
126;85
126;106
126;107
126;121
126;122
126;124
126;128
126;134
126;135
126;154
126;164
126;169
126;172
126;179
126;180
126;181
126;187
126;194
126;208
126;216
126;218
126;250
126;251
126;262
126;272
126;277
126;282
126;294
126;327
126;363
127;29
127;59
127;112
127;129
127;183
127;247
128;23
128;31
128;42
128;46
128;84
128;85
128;90
128;107
128;122
128;124
128;126
128;134
128;135
128;154
128;164
128;169
128;179
128;180
128;181
128;194
128;208
128;216
128;218
128;250
128;251
128;262
128;272
128;277
128;282
128;294
128;303
128;327
128;363
129;17
129;21
129;22
129;38
129;59
129;65
129;81
129;110
129;127
129;182
129;183
129;240
129;266
129;295
129;318
129;355
129;371
129;374
129;381
130;120
130;132
130;151
130;178
130;186
130;204
130;206
130;207
130;224
130;226
130;236
130;240
130;245
130;258
130;267
130;280
130;299
130;306
130;311
130;315
130;331
130;333
130;341
130;368
130;369
130;375
131;22
131;53
131;100
131;114
131;119
131;120
131;158
131;167
131;177
131;178
131;182
131;204
131;206
131;207
131;224
131;226
131;236
131;237
131;238
131;240
131;245
131;258
131;267
131;285
131;291
131;306
131;311
131;315
131;323
131;331
131;341
131;368
131;369
131;380
132;100
132;130
132;186
132;199
132;204
132;206
132;217
132;231
132;236
132;238
132;240
132;245
132;256
132;267
132;280
132;315
132;323
132;341
132;366
132;381
133;26
133;47
133;51
133;71
133;73
133;86
133;88
133;93
133;109
133;142
133;148
133;149
133;151
133;153
133;167
133;176
133;189
133;215
133;222
133;236
133;237
133;246
133;256
133;258
133;278
133;285
133;291
133;311
133;331
133;350
134;9
134;12
134;23
134;28
134;30
134;31
134;40
134;44
134;46
134;84
134;85
134;90
134;97
134;102
134;104
134;107
134;122
134;126
134;128
134;135
134;140
134;146
134;154
134;156
134;169
134;172
134;179
134;180
134;181
134;187
134;194
134;208
134;216
134;218
134;250
134;251
134;262
134;272
134;274
134;277
134;294
134;327
134;363
134;367
135;12
135;16
135;23
135;34
135;40
135;42
135;46
135;66
135;80
135;84
135;85
135;90
135;104
135;106
135;122
135;124
135;126
135;128
135;134
135;154
135;160
135;164
135;169
135;172
135;179
135;181
135;194
135;208
135;216
135;218
135;250
135;251
135;262
135;272
135;274
135;277
135;282
135;286
135;293
135;294
135;303
135;327
135;363
135;367
136;95
136;119
136;228
136;253
136;264
137;143
137;148
137;149
137;159
137;213
137;219
137;220
137;228
137;264
137;280
137;281
137;340
137;343
138;312
138;322
139;214
139;232
139;276
139;298
139;312
139;320
139;322
139;382
140;80
140;84
140;106
140;122
140;134
140;154
140;169
140;172
140;181
140;218
140;251
140;277
140;293
141;13
141;18
141;19
141;50
141;51
141;52
141;54
141;71
141;73
141;83
141;88
141;93
141;105
141;109
141;119
141;123
141;151
141;158
141;165
141;167
141;176
141;178
141;193
141;196
141;206
141;237
141;238
141;239
141;243
141;246
141;256
141;258
141;278
141;306
141;331
141;350
141;352
141;380
142;18
142;47
142;51
142;71
142;73
142;83
142;88
142;90
142;93
142;100
142;109
142;123
142;133
142;149
142;151
142;152
142;157
142;167
142;176
142;178
142;196
142;222
142;235
142;237
142;243
142;245
142;246
142;256
142;278
142;291
142;323
142;326
142;341
142;350
142;352
143;20
143;82
143;86
143;100
143;111
143;114
143;119
143;137
143;144
143;148
143;149
143;150
143;153
143;155
143;159
143;177
143;184
143;188
143;191
143;192
143;193
143;200
143;202
143;211
143;213
143;215
143;219
143;220
143;222
143;249
143;252
143;254
143;255
143;260
143;263
143;264
143;265
143;268
143;280
143;281
143;285
143;288
143;305
143;310
143;313
143;340
143;358
144;86
144;111
144;114
144;119
144;143
144;148
144;149
144;150
144;153
144;177
144;184
144;188
144;191
144;192
144;196
144;200
144;201
144;211
144;213
144;219
144;220
144;224
144;228
144;230
144;243
144;249
144;252
144;254
144;255
144;260
144;263
144;264
144;265
144;280
144;281
144;288
144;313
144;314
144;345
144;358
144;379
145;147
145;150
145;168
145;192
145;211
145;213
145;281
145;288
145;299
145;314
145;319
145;343
146;34
146;80
146;102
146;104
146;124
146;134
146;160
146;169
146;173
146;181
146;218
146;251
146;262
146;274
146;286
146;287
147;119
147;145
147;149
147;168
147;185
147;201
147;219
147;220
147;240
147;243
147;249
147;255
147;263
147;265
147;281
147;288
147;310
147;314
147;340
147;343
147;358
147;366
148;93
148;114
148;119
148;133
148;137
148;143
148;144
148;149
148;153
148;159
148;184
148;188
148;196
148;202
148;219
148;220
148;243
148;249
148;252
148;255
148;260
148;263
148;268
148;288
149;18
149;19
149;22
149;47
149;50
149;51
149;54
149;73
149;82
149;83
149;88
149;93
149;109
149;114
149;119
149;133
149;137
149;142
149;143
149;144
149;147
149;148
149;150
149;152
149;153
149;155
149;158
149;159
149;167
149;176
149;177
149;178
149;184
149;188
149;189
149;191
149;196
149;199
149;213
149;215
149;219
149;220
149;222
149;228
149;234
149;237
149;243
149;249
149;252
149;254
149;256
149;258
149;260
149;263
149;268
149;278
149;281
149;288
149;291
149;305
149;306
149;310
149;324
149;326
149;350
149;358
149;380
150;86
150;114
150;119
150;143
150;144
150;145
150;149
150;153
150;184
150;185
150;188
150;191
150;192
150;200
150;201
150;211
150;213
150;219
150;220
150;228
150;249
150;252
150;254
150;255
150;260
150;264
150;265
150;279
150;280
150;281
150;288
150;305
150;310
150;313
150;316
150;319
150;340
150;343
151;13
151;18
151;19
151;20
151;22
151;26
151;47
151;51
151;54
151;73
151;74
151;88
151;90
151;93
151;100
151;109
151;119
151;120
151;123
151;130
151;133
151;141
151;142
151;152
151;157
151;167
151;176
151;178
151;186
151;196
151;199
151;204
151;222
151;223
151;234
151;236
151;237
151;240
151;242
151;243
151;246
151;256
151;278
151;291
151;315
151;324
151;326
151;330
151;331
151;350
151;352
151;368
152;13
152;18
152;19
152;26
152;47
152;50
152;51
152;54
152;73
152;88
152;90
152;93
152;100
152;105
152;119
152;123
152;142
152;149
152;151
152;157
152;176
152;177
152;199
152;206
152;222
152;231
152;234
152;242
152;245
152;246
152;256
152;267
152;278
152;299
152;306
152;323
152;326
152;341
153;83
153;111
153;114
153;133
153;143
153;144
153;148
153;149
153;150
153;184
153;185
153;188
153;196
153;213
153;220
153;243
153;252
153;254
153;255
153;260
153;265
153;280
153;281
153;288
153;340
154;23
154;30
154;31
154;40
154;42
154;44
154;46
154;80
154;84
154;85
154;102
154;104
154;106
154;124
154;126
154;128
154;134
154;135
154;140
154;164
154;169
154;172
154;179
154;180
154;181
154;194
154;208
154;216
154;218
154;250
154;251
154;262
154;272
154;282
154;294
154;327
154;363
155;82
155;143
155;149
155;204
155;215
155;250
155;288
156;44
156;78
156;85
156;102
156;134
156;172
156;179
156;180
156;181
156;216
156;251
156;262
156;272
156;277
157;13
157;18
157;19
157;20
157;22
157;47
157;51
157;54
157;88
157;90
157;93
157;104
157;120
157;123
157;142
157;151
157;152
157;167
157;176
157;177
157;178
157;182
157;196
157;199
157;215
157;222
157;223
157;234
157;236
157;237
157;240
157;243
157;246
157;256
157;258
157;267
157;278
157;291
157;315
157;324
157;326
157;331
157;347
157;352
158;20
158;51
158;52
158;83
158;100
158;105
158;109
158;114
158;131
158;141
158;149
158;167
158;178
158;186
158;224
158;235
158;238
158;240
158;242
158;245
158;258
158;267
158;291
158;311
158;315
158;369
159;111
159;137
159;143
159;148
159;149
159;188
159;196
159;220
159;264
159;281
159;305
159;358
160;28
160;34
160;80
160;102
160;106
160;122
160;135
160;146
160;169
160;181
160;218
160;251
160;274
160;286
160;293
161;108
161;178
161;242
162;271
162;283
162;321
162;337
163;61
163;66
163;67
163;77
163;92
163;98
163;118
163;125
163;221
163;248
163;271
163;354
163;361
164;16
164;23
164;28
164;30
164;44
164;46
164;84
164;85
164;102
164;104
164;106
164;122
164;124
164;126
164;128
164;135
164;154
164;169
164;172
164;179
164;180
164;181
164;194
164;208
164;218
164;250
164;251
164;262
164;272
164;282
164;286
164;293
164;294
164;303
164;327
164;363
165;19
165;22
165;26
165;54
165;120
165;141
165;167
165;204
165;231
165;242
165;258
165;291
165;326
165;331
165;347
165;350
165;368
166;49
166;87
166;94
166;119
166;198
166;209
166;253
166;307
166;317
166;336
166;345
166;376
167;11
167;13
167;18
167;19
167;20
167;22
167;26
167;47
167;50
167;51
167;52
167;54
167;71
167;73
167;74
167;83
167;88
167;90
167;93
167;109
167;114
167;119
167;123
167;131
167;133
167;141
167;142
167;149
167;151
167;157
167;158
167;165
167;176
167;178
167;182
167;196
167;222
167;224
167;235
167;237
167;238
167;240
167;256
167;258
167;278
167;291
167;311
167;341
167;380
168;4
168;49
168;89
168;117
168;145
168;147
168;198
168;201
168;205
168;209
168;211
168;224
168;269
168;302
168;307
168;314
168;336
168;345
168;376
168;379
169;12
169;16
169;23
169;28
169;30
169;31
169;34
169;42
169;44
169;46
169;63
169;66
169;78
169;80
169;84
169;85
169;90
169;102
169;104
169;106
169;121
169;122
169;124
169;126
169;128
169;134
169;135
169;140
169;146
169;154
169;160
169;164
169;172
169;179
169;180
169;181
169;187
169;194
169;208
169;216
169;218
169;250
169;251
169;262
169;272
169;274
169;277
169;282
169;286
169;293
169;294
169;303
169;327
169;363
169;367
170;38
170;182
170;183
170;315
170;325
171;37
171;47
171;96
171;178
171;199
171;204
171;238
171;241
171;259
171;285
171;289
171;355
172;12
172;23
172;30
172;31
172;40
172;42
172;44
172;46
172;84
172;85
172;90
172;97
172;102
172;104
172;106
172;107
172;122
172;124
172;126
172;134
172;135
172;140
172;154
172;156
172;164
172;169
172;179
172;180
172;181
172;194
172;208
172;216
172;218
172;250
172;251
172;262
172;272
172;277
172;294
172;327
172;363
172;367
173;28
173;34
173;42
173;63
173;80
173;106
173;146
173;251
173;274
173;286
173;287
174;139
174;214
174;232
174;276
174;312
174;320
174;322
174;382
175;54
175;178
175;189
175;204
175;242
175;273
175;324
175;326
175;330
175;347
176;13
176;18
176;19
176;20
176;47
176;51
176;71
176;73
176;74
176;83
176;90
176;93
176;100
176;133
176;141
176;142
176;149
176;151
176;152
176;157
176;167
176;178
176;196
176;206
176;222
176;237
176;240
176;243
176;246
176;256
176;258
176;267
176;291
176;311
176;323
176;341
176;350
176;352
177;47
177;50
177;53
177;54
177;73
177;90
177;93
177;119
177;131
177;143
177;144
177;149
177;152
177;157
177;178
177;188
177;199
177;238
177;242
177;243
177;254
177;255
177;256
177;260
177;278
177;291
177;306
177;311
177;331
177;352
177;368
177;369
178;3
178;11
178;19
178;20
178;22
178;47
178;50
178;51
178;52
178;53
178;54
178;55
178;59
178;62
178;71
178;73
178;74
178;83
178;86
178;88
178;90
178;93
178;100
178;105
178;114
178;119
178;120
178;123
178;130
178;131
178;141
178;142
178;149
178;151
178;157
178;158
178;161
178;167
178;171
178;175
178;176
178;177
178;182
178;186
178;199
178;203
178;204
178;206
178;207
178;212
178;222
178;224
178;226
178;231
178;234
178;235
178;236
178;237
178;238
178;240
178;242
178;244
178;245
178;256
178;258
178;265
178;267
178;278
178;285
178;291
178;306
178;310
178;311
178;315
178;323
178;324
178;326
178;330
178;331
178;341
178;347
178;368
178;369
178;380
179;12
179;31
179;40
179;42
179;44
179;46
179;84
179;85
179;90
179;97
179;102
179;104
179;106
179;107
179;122
179;124
179;126
179;128
179;134
179;135
179;154
179;156
179;164
179;169
179;172
179;180
179;181
179;194
179;208
179;216
179;218
179;250
179;251
179;272
179;277
179;282
179;294
179;363
180;30
180;44
180;46
180;85
180;107
180;121
180;126
180;128
180;134
180;154
180;156
180;164
180;169
180;172
180;179
180;181
180;250
180;251
180;272
180;274
181;8
181;9
181;12
181;23
181;28
181;30
181;31
181;34
181;39
181;40
181;42
181;44
181;46
181;66
181;80
181;84
181;85
181;90
181;97
181;102
181;104
181;106
181;107
181;121
181;122
181;124
181;126
181;128
181;134
181;135
181;140
181;146
181;154
181;156
181;160
181;164
181;169
181;172
181;179
181;180
181;194
181;208
181;216
181;218
181;250
181;251
181;262
181;272
181;277
181;282
181;293
181;294
181;303
181;327
181;363
181;367
182;20
182;21
182;38
182;57
182;59
182;100
182;115
182;129
182;131
182;157
182;167
182;170
182;178
182;237
182;240
182;245
182;258
182;311
182;315
182;347
182;369
183;29
183;59
183;81
183;112
183;127
183;129
183;170
183;247
183;355
184;50
184;73
184;82
184;114
184;119
184;143
184;144
184;148
184;149
184;150
184;153
184;188
184;191
184;196
184;200
184;213
184;219
184;228
184;243
184;250
184;252
184;254
184;255
184;260
184;263
184;280
184;281
184;288
184;340
185;111
185;147
185;150
185;153
185;188
185;191
185;220
185;249
185;260
185;263
185;264
185;265
185;288
186;51
186;54
186;73
186;74
186;114
186;120
186;123
186;130
186;132
186;151
186;158
186;178
186;204
186;206
186;223
186;236
186;238
186;240
186;243
186;245
186;250
186;261
186;267
186;291
186;331
186;333
186;341
186;369
187;42
187;78
187;85
187;102
187;106
187;107
187;126
187;134
187;169
187;216
187;251
187;272
188;86
188;111
188;114
188;119
188;143
188;144
188;148
188;149
188;150
188;153
188;159
188;177
188;184
188;185
188;191
188;192
188;196
188;200
188;201
188;213
188;219
188;220
188;228
188;230
188;249
188;252
188;254
188;255
188;260
188;263
188;264
188;265
188;267
188;278
188;281
188;288
188;340
188;345
188;350
188;358
188;376
189;3
189;11
189;18
189;22
189;47
189;54
189;73
189;74
189;105
189;109
189;119
189;133
189;149
189;175
189;204
189;222
189;231
189;237
189;242
189;256
189;278
189;306
189;324
189;326
189;330
189;347
190;70
190;99
190;113
190;351
190;353
190;360
191;114
191;119
191;143
191;144
191;149
191;150
191;184
191;185
191;188
191;196
191;200
191;202
191;213
191;219
191;228
191;252
191;254
191;255
191;260
191;263
191;264
191;268
191;280
191;281
191;288
191;313
191;340
191;358
192;72
192;114
192;143
192;144
192;145
192;150
192;188
192;200
192;201
192;206
192;211
192;213
192;219
192;220
192;223
192;228
192;230
192;249
192;252
192;254
192;260
192;265
192;267
192;281
192;288
192;299
192;301
192;340
192;343
193;59
193;93
193;141
193;143
193;204
193;222
193;240
193;242
194;9
194;23
194;30
194;31
194;40
194;42
194;44
194;46
194;80
194;85
194;97
194;102
194;107
194;122
194;124
194;126
194;128
194;134
194;135
194;154
194;164
194;169
194;172
194;179
194;181
194;208
194;216
194;218
194;250
194;251
194;262
194;272
194;282
194;293
194;294
194;327
194;363
195;208
195;227
195;240
195;366
195;381
196;13
196;18
196;54
196;73
196;82
196;90
196;111
196;114
196;117
196;119
196;141
196;142
196;144
196;148
196;149
196;151
196;153
196;157
196;159
196;167
196;176
196;184
196;188
196;191
196;199
196;202
196;213
196;215
196;222
196;228
196;237
196;243
196;255
196;258
196;260
196;268
196;278
196;288
196;310
196;324
196;352
196;358
198;4
198;49
198;75
198;89
198;101
198;119
198;166
198;168
198;205
198;209
198;253
198;269
198;296
198;301
198;302
198;314
198;317
198;336
198;376
198;379
199;19
199;22
199;47
199;50
199;51
199;54
199;73
199;74
199;90
199;93
199;100
199;119
199;132
199;149
199;151
199;152
199;157
199;171
199;177
199;178
199;196
199;204
199;206
199;222
199;234
199;240
199;256
199;291
199;306
199;315
199;324
199;326
199;330
199;347
199;352
200;114
200;119
200;143
200;144
200;150
200;184
200;188
200;191
200;192
200;206
200;211
200;213
200;219
200;224
200;228
200;230
200;243
200;252
200;254
200;260
200;264
200;265
200;267
200;280
200;281
200;299
200;313
200;319
200;340
200;343
200;358
201;147
201;150
201;168
201;188
201;192
201;211
201;213
201;219
201;228
201;229
201;230
201;252
201;281
201;288
201;299
201;313
201;314
201;319
201;335
201;343
201;382
202;119
202;143
202;148
202;191
202;196
202;213
202;228
202;243
202;260
202;264
202;268
202;358
204;3
204;11
204;19
204;22
204;38
204;47
204;50
204;54
204;55
204;59
204;71
204;72
204;74
204;79
204;96
204;100
204;104
204;105
204;108
204;119
204;120
204;122
204;130
204;131
204;132
204;151
204;155
204;165
204;171
204;175
204;178
204;186
204;189
204;193
204;199
204;215
204;222
204;231
204;234
204;237
204;240
204;241
204;242
204;245
204;246
204;253
204;258
204;259
204;264
204;267
204;270
204;278
204;291
204;306
204;311
204;315
204;324
204;326
204;330
204;331
204;347
204;368
204;380
205;4
205;49
205;75
205;86
205;89
205;94
205;101
205;119
205;168
205;198
205;209
205;253
205;269
205;296
205;302
205;317
205;336
205;376
205;379
206;47
206;90
206;100
206;119
206;130
206;131
206;132
206;141
206;152
206;176
206;178
206;186
206;192
206;199
206;200
206;230
206;234
206;236
206;238
206;239
206;240
206;256
206;267
206;299
206;301
206;315
206;323
206;324
206;331
206;336
206;341
207;120
207;130
207;131
207;178
207;224
207;226
207;240
207;258
207;369
208;8
208;12
208;31
208;46
208;80
208;90
208;97
208;102
208;122
208;126
208;128
208;134
208;135
208;154
208;164
208;169
208;172
208;179
208;181
208;194
208;195
208;218
208;250
208;251
208;262
208;272
208;277
208;282
208;293
208;294
208;327
208;363
209;4
209;49
209;86
209;87
209;89
209;94
209;101
209;119
209;166
209;168
209;198
209;205
209;253
209;269
209;270
209;296
209;302
209;307
209;317
209;336
209;345
209;376
209;379
210;290
210;321
210;338
210;349
211;144
211;145
211;150
211;168
211;192
211;200
211;201
211;252
211;255
211;260
211;288
211;299
211;319
211;343
211;356
211;373
212;178
212;237
212;242
212;291
212;341
213;82
213;86
213;88
213;111
213;114
213;119
213;137
213;143
213;144
213;145
213;149
213;150
213;153
213;184
213;188
213;191
213;192
213;196
213;200
213;201
213;202
213;219
213;220
213;228
213;230
213;243
213;249
213;252
213;254
213;255
213;260
213;263
213;264
213;265
213;268
213;280
213;281
213;288
213;313
213;340
213;358
214;174
214;276
214;312
215;18
215;19
215;50
215;51
215;54
215;71
215;83
215;88
215;93
215;109
215;114
215;133
215;143
215;149
215;155
215;157
215;196
215;204
215;222
215;237
215;246
215;258
215;278
215;291
215;350
215;352
216;8
216;9
216;12
216;23
216;30
216;31
216;34
216;40
216;42
216;44
216;46
216;66
216;78
216;85
216;90
216;97
216;102
216;104
216;106
216;107
216;121
216;122
216;124
216;126
216;128
216;134
216;135
216;154
216;156
216;169
216;172
216;179
216;181
216;187
216;194
216;218
216;250
216;251
216;262
216;272
216;277
216;293
216;294
216;327
216;363
217;132
217;227
217;240
217;366
217;381
218;8
218;9
218;12
218;16
218;23
218;28
218;31
218;34
218;39
218;40
218;42
218;44
218;46
218;66
218;80
218;84
218;85
218;90
218;97
218;102
218;104
218;106
218;107
218;122
218;124
218;126
218;128
218;134
218;135
218;140
218;146
218;154
218;160
218;164
218;169
218;172
218;179
218;181
218;194
218;208
218;216
218;250
218;251
218;262
218;272
218;274
218;277
218;282
218;286
218;293
218;294
218;303
218;327
218;363
218;367
219;111
219;114
219;117
219;119
219;137
219;143
219;144
219;147
219;148
219;149
219;150
219;184
219;188
219;191
219;192
219;200
219;201
219;213
219;220
219;228
219;230
219;249
219;252
219;254
219;260
219;263
219;264
219;280
219;281
219;288
219;313
219;340
220;114
220;117
220;119
220;137
220;143
220;144
220;147
220;148
220;149
220;150
220;153
220;159
220;185
220;188
220;192
220;213
220;219
220;243
220;252
220;255
220;260
220;265
220;267
220;281
220;288
220;310
220;358
221;283
221;338
221;349
221;351
221;354
222;13
222;18
222;19
222;20
222;26
222;47
222;51
222;54
222;71
222;73
222;83
222;88
222;90
222;93
222;100
222;109
222;114
222;116
222;123
222;133
222;142
222;143
222;149
222;151
222;152
222;157
222;167
222;176
222;178
222;189
222;193
222;196
222;199
222;204
222;215
222;231
222;234
222;236
222;237
222;240
222;242
222;243
222;246
222;256
222;257
222;258
222;267
222;278
222;285
222;291
222;306
222;315
222;323
222;324
222;326
222;331
222;341
222;347
222;352
223;120
223;151
223;157
223;186
223;192
223;238
223;240
223;261
223;267
223;278
223;315
223;369
223;375
224;120
224;130
224;131
224;144
224;158
224;167
224;168
224;178
224;200
224;207
224;226
224;237
224;258
224;281
224;291
224;368
226;130
226;131
226;178
226;207
226;224
226;240
226;258
226;368
227;59
227;81
227;195
227;217
227;240
227;366
227;381
228;136
228;137
228;144
228;149
228;150
228;184
228;188
228;191
228;192
228;196
228;200
228;201
228;202
228;213
228;219
228;230
228;252
228;260
228;263
228;264
228;265
228;281
228;288
228;310
228;313
228;340
229;322
229;335
229;382
230;119
230;144
230;188
230;192
230;200
230;201
230;206
230;213
230;219
230;228
230;238
230;239
230;240
230;249
230;252
230;256
230;263
230;264
230;267
230;280
230;281
230;288
230;313
230;336
230;343
231;3
231;22
231;26
231;47
231;54
231;55
231;62
231;72
231;74
231;114
231;119
231;123
231;132
231;152
231;165
231;178
231;189
231;204
231;222
231;237
231;240
231;242
231;245
231;246
231;267
231;278
231;291
231;311
231;315
231;324
231;326
231;330
231;341
231;347
232;103
232;138
232;139
232;174
232;276
232;298
232;312
232;320
232;322
232;382
233;105
233;119
233;242
233;251
233;326
233;331
234;18
234;19
234;26
234;47
234;50
234;51
234;54
234;73
234;83
234;90
234;100
234;119
234;123
234;149
234;151
234;152
234;157
234;178
234;199
234;204
234;206
234;222
234;245
234;256
234;268
234;291
234;299
234;306
234;323
234;326
234;341
235;26
235;52
235;83
235;100
235;105
235;142
235;158
235;167
235;178
235;237
235;242
235;258
235;267
235;301
235;315
235;331
235;336
236;19
236;20
236;51
236;54
236;71
236;73
236;74
236;90
236;100
236;119
236;120
236;123
236;130
236;131
236;132
236;133
236;151
236;157
236;178
236;186
236;206
236;222
236;238
236;240
236;242
236;245
236;258
236;261
236;267
236;280
236;291
236;311
236;315
237;11
237;13
237;18
237;51
237;52
237;54
237;71
237;73
237;74
237;83
237;88
237;93
237;100
237;109
237;114
237;131
237;133
237;141
237;142
237;149
237;151
237;157
237;167
237;176
237;178
237;182
237;189
237;196
237;204
237;212
237;215
237;222
237;224
237;231
237;235
237;238
237;239
237;242
237;243
237;246
237;256
237;258
237;267
237;291
237;311
237;315
237;326
237;341
237;347
237;350
237;352
237;369
238;22
238;47
238;51
238;53
238;88
238;120
238;131
238;132
238;141
238;158
238;167
238;171
238;177
238;178
238;186
238;206
238;223
238;230
238;236
238;237
238;239
238;240
238;245
238;256
238;258
238;261
238;267
238;280
238;285
238;289
238;311
238;315
238;323
238;331
238;341
238;368
238;369
239;22
239;47
239;141
239;206
239;230
239;237
239;238
239;240
239;285
239;301
239;315
239;323
239;336
240;10
240;11
240;13
240;17
240;19
240;20
240;21
240;22
240;26
240;33
240;43
240;47
240;52
240;53
240;59
240;64
240;71
240;73
240;74
240;90
240;91
240;93
240;100
240;109
240;114
240;119
240;120
240;123
240;129
240;130
240;131
240;132
240;147
240;151
240;157
240;158
240;167
240;176
240;178
240;182
240;186
240;193
240;195
240;199
240;204
240;206
240;207
240;217
240;222
240;223
240;226
240;227
240;230
240;231
240;236
240;238
240;239
240;245
240;253
240;256
240;258
240;261
240;267
240;280
240;285
240;291
240;311
240;315
240;323
240;326
240;331
240;333
240;341
240;350
240;366
240;368
240;369
240;375
240;380
240;381
241;38
241;171
241;204
241;332
242;3
242;13
242;18
242;22
242;50
242;52
242;54
242;55
242;71
242;74
242;93
242;100
242;105
242;108
242;114
242;119
242;151
242;152
242;158
242;161
242;165
242;175
242;177
242;178
242;189
242;193
242;204
242;212
242;222
242;231
242;233
242;235
242;236
242;237
242;245
242;246
242;278
242;291
242;306
242;311
242;315
242;324
242;326
242;330
242;331
242;347
242;380
243;11
243;13
243;71
243;73
243;82
243;88
243;90
243;93
243;114
243;119
243;141
243;142
243;144
243;147
243;148
243;149
243;151
243;153
243;157
243;176
243;177
243;184
243;186
243;196
243;200
243;202
243;213
243;220
243;222
243;237
243;249
243;252
243;256
243;260
243;263
243;268
243;278
243;288
243;306
243;350
243;352
243;358
243;380
245;11
245;13
245;18
245;19
245;20
245;22
245;51
245;54
245;72
245;74
245;90
245;100
245;114
245;119
245;120
245;123
245;130
245;131
245;132
245;142
245;152
245;158
245;178
245;182
245;186
245;204
245;231
245;234
245;236
245;238
245;240
245;242
245;246
245;253
245;256
245;264
245;267
245;285
245;311
245;315
245;316
245;323
245;324
245;326
245;330
245;331
245;341
245;347
245;368
246;13
246;18
246;19
246;52
246;54
246;71
246;74
246;83
246;88
246;93
246;105
246;119
246;123
246;133
246;141
246;142
246;151
246;152
246;157
246;176
246;204
246;215
246;222
246;231
246;237
246;242
246;245
246;258
246;291
246;324
246;347
246;350
246;352
247;112
247;127
247;183
248;61
248;66
248;67
248;77
248;92
248;118
248;163
248;271
248;290
248;309
248;351
248;354
248;361
249;82
249;114
249;117
249;143
249;144
249;147
249;148
249;149
249;150
249;185
249;188
249;192
249;213
249;219
249;230
249;243
249;252
249;255
249;260
249;261
249;264
249;265
249;280
249;281
249;288
249;310
249;311
249;313
249;340
249;343
249;358
249;369
250;30
250;31
250;40
250;42
250;44
250;46
250;72
250;85
250;102
250;104
250;106
250;107
250;122
250;124
250;126
250;128
250;134
250;135
250;154
250;155
250;164
250;169
250;172
250;179
250;180
250;181
250;184
250;186
250;194
250;208
250;216
250;218
250;251
250;262
250;272
250;282
250;294
250;327
250;363
251;8
251;9
251;12
251;16
251;23
251;28
251;30
251;31
251;34
251;39
251;40
251;42
251;44
251;46
251;66
251;80
251;84
251;85
251;90
251;97
251;102
251;104
251;106
251;107
251;121
251;122
251;124
251;126
251;128
251;134
251;135
251;140
251;146
251;154
251;156
251;160
251;164
251;169
251;172
251;173
251;179
251;180
251;181
251;187
251;194
251;208
251;216
251;218
251;233
251;250
251;262
251;272
251;274
251;277
251;282
251;286
251;287
251;293
251;294
251;303
251;327
251;363
251;367
252;111
252;114
252;119
252;143
252;144
252;148
252;149
252;150
252;153
252;184
252;188
252;191
252;192
252;200
252;201
252;211
252;213
252;219
252;220
252;228
252;230
252;243
252;249
252;254
252;255
252;260
252;263
252;264
252;280
252;281
252;288
252;340
252;358
253;49
253;75
253;86
253;87
253;94
253;119
253;136
253;166
253;198
253;204
253;205
253;209
253;240
253;245
253;264
253;269
253;307
253;317
253;319
253;336
253;345
253;376
253;379
254;114
254;119
254;143
254;144
254;149
254;150
254;153
254;177
254;184
254;188
254;191
254;192
254;200
254;213
254;219
254;252
254;255
254;256
254;260
254;263
254;264
254;265
254;281
254;288
254;313
254;340
255;111
255;119
255;143
255;144
255;147
255;148
255;150
255;153
255;177
255;184
255;188
255;191
255;196
255;211
255;213
255;220
255;249
255;252
255;254
255;260
255;263
255;264
255;265
255;281
255;288
255;310
256;11
256;18
256;19
256;20
256;50
256;51
256;73
256;83
256;90
256;100
256;109
256;114
256;119
256;120
256;123
256;132
256;133
256;141
256;142
256;149
256;151
256;152
256;157
256;167
256;176
256;177
256;178
256;189
256;199
256;206
256;222
256;230
256;234
256;237
256;238
256;240
256;243
256;245
256;254
256;258
256;261
256;278
256;291
256;306
256;311
256;315
256;323
256;324
256;326
257;222
257;270
257;295
258;11
258;13
258;19
258;20
258;22
258;26
258;47
258;50
258;51
258;52
258;73
258;83
258;88
258;90
258;93
258;109
258;114
258;119
258;120
258;130
258;131
258;133
258;141
258;149
258;157
258;158
258;165
258;167
258;176
258;178
258;182
258;196
258;204
258;207
258;215
258;222
258;224
258;226
258;235
258;236
258;237
258;238
258;240
258;246
258;256
258;278
258;285
258;291
258;306
258;311
258;341
258;368
258;369
258;380
259;171
259;204
260;111
260;114
260;119
260;143
260;144
260;148
260;149
260;150
260;153
260;177
260;184
260;185
260;188
260;191
260;192
260;196
260;200
260;202
260;211
260;213
260;219
260;220
260;228
260;243
260;249
260;252
260;254
260;255
260;263
260;264
260;265
260;280
260;281
260;288
260;310
260;313
260;340
260;358
261;223
261;236
261;238
261;240
261;249
261;256
261;285
261;311
261;326
261;347
262;16
262;28
262;31
262;34
262;42
262;46
262;66
262;84
262;85
262;90
262;97
262;102
262;104
262;106
262;122
262;124
262;126
262;128
262;134
262;135
262;146
262;154
262;156
262;164
262;169
262;172
262;181
262;194
262;208
262;216
262;218
262;250
262;251
262;272
262;274
262;277
262;282
262;286
262;293
262;303
262;327
262;363
262;367
263;82
263;90
263;111
263;114
263;119
263;143
263;144
263;147
263;148
263;149
263;184
263;185
263;188
263;191
263;213
263;219
263;228
263;230
263;243
263;252
263;254
263;255
263;260
263;264
263;265
263;268
263;288
263;340
263;358
264;22
264;82
264;114
264;119
264;136
264;137
264;143
264;144
264;150
264;159
264;185
264;188
264;191
264;200
264;202
264;204
264;213
264;219
264;228
264;230
264;245
264;249
264;252
264;253
264;254
264;255
264;260
264;263
264;280
264;281
264;288
264;313
264;324
264;347
264;358
265;114
265;143
265;144
265;147
265;150
265;153
265;178
265;185
265;188
265;192
265;200
265;213
265;220
265;228
265;249
265;254
265;255
265;260
265;263
265;267
265;280
265;281
265;288
265;316
266;6
266;21
266;38
266;59
266;65
266;81
266;129
266;355
266;371
266;374
267;19
267;20
267;74
267;83
267;90
267;100
267;114
267;120
267;130
267;131
267;132
267;152
267;157
267;158
267;176
267;178
267;186
267;188
267;192
267;200
267;204
267;206
267;220
267;222
267;223
267;230
267;231
267;235
267;236
267;237
267;238
267;240
267;245
267;265
267;280
267;285
267;291
267;311
267;315
267;323
267;331
267;336
267;341
267;369
268;86
268;114
268;119
268;143
268;148
268;149
268;191
268;196
268;202
268;213
268;234
268;243
268;263
268;358
269;4
269;49
269;89
269;119
269;168
269;198
269;205
269;209
269;253
269;296
269;302
269;336
270;204
270;209
270;257
270;299
271;92
271;118
271;162
271;163
271;210
271;248
271;290
271;309
271;354
271;362
272;12
272;23
272;30
272;31
272;40
272;44
272;46
272;84
272;85
272;90
272;97
272;102
272;104
272;106
272;107
272;121
272;122
272;124
272;126
272;128
272;134
272;135
272;154
272;156
272;164
272;169
272;172
272;179
272;180
272;181
272;187
272;194
272;208
272;216
272;218
272;250
272;251
272;262
272;277
272;294
272;327
272;363
274;28
274;40
274;63
274;80
274;84
274;104
274;106
274;122
274;124
274;134
274;135
274;146
274;160
274;169
274;173
274;180
274;218
274;251
274;262
274;286
274;293
274;303
274;327
276;174
276;214
276;232
276;312
276;382
277;23
277;31
277;40
277;46
277;66
277;84
277;85
277;90
277;97
277;102
277;106
277;107
277;122
277;124
277;126
277;128
277;134
277;135
277;140
277;156
277;169
277;172
277;179
277;181
277;208
277;216
277;218
277;251
277;262
277;272
277;293
277;294
277;327
277;363
277;367
278;11
278;13
278;18
278;19
278;20
278;22
278;26
278;47
278;50
278;51
278;52
278;54
278;73
278;74
278;88
278;90
278;93
278;105
278;109
278;119
278;133
278;141
278;142
278;149
278;151
278;152
278;157
278;167
278;177
278;178
278;188
278;189
278;196
278;204
278;215
278;222
278;223
278;231
278;242
278;243
278;256
278;258
278;291
278;306
278;311
278;324
278;326
278;330
278;347
278;350
278;380
280;114
280;130
280;132
280;137
280;143
280;144
280;150
280;153
280;184
280;191
280;200
280;213
280;219
280;230
280;236
280;238
280;240
280;249
280;252
280;260
280;264
280;265
280;267
280;281
280;285
280;288
280;313
280;315
280;331
280;356
280;375
281;114
281;137
281;143
281;144
281;145
281;147
281;149
281;150
281;153
281;159
281;184
281;188
281;191
281;192
281;200
281;201
281;213
281;219
281;220
281;224
281;228
281;230
281;249
281;252
281;254
281;255
281;260
281;264
281;265
281;280
281;288
281;305
281;313
281;340
281;358
282;85
282;122
282;126
282;128
282;135
282;154
282;164
282;169
282;179
282;181
282;194
282;208
282;218
282;250
282;251
282;262
282;303
282;327
283;36
283;45
283;70
283;113
283;162
283;221
283;292
283;338
283;346
283;349
283;354
284;69
284;106
284;339
285;53
285;86
285;100
285;114
285;120
285;131
285;133
285;143
285;171
285;178
285;222
285;238
285;239
285;240
285;245
285;258
285;261
285;267
285;280
285;289
285;311
285;315
285;323
285;369
286;28
286;63
286;78
286;80
286;84
286;104
286;106
286;122
286;124
286;135
286;146
286;160
286;164
286;169
286;173
286;218
286;251
286;262
286;274
286;287
286;293
286;327
287;28
287;39
287;42
287;63
287;80
287;146
287;173
287;251
287;286
288;86
288;111
288;114
288;119
288;143
288;144
288;145
288;147
288;148
288;149
288;150
288;153
288;155
288;184
288;185
288;188
288;191
288;192
288;196
288;201
288;211
288;213
288;219
288;220
288;228
288;230
288;243
288;249
288;252
288;254
288;255
288;260
288;263
288;264
288;265
288;280
288;281
288;301
288;305
288;310
288;313
288;340
288;343
288;358
289;47
289;96
289;171
289;238
289;285
290;61
290;77
290;92
290;210
290;248
290;271
290;309
290;321
290;337
290;349
290;351
290;354
290;357
290;361
291;18
291;19
291;20
291;22
291;26
291;47
291;50
291;51
291;52
291;54
291;71
291;73
291;74
291;83
291;88
291;90
291;93
291;100
291;114
291;119
291;120
291;123
291;131
291;133
291;142
291;149
291;151
291;157
291;158
291;165
291;167
291;176
291;177
291;178
291;186
291;199
291;204
291;212
291;215
291;222
291;224
291;231
291;234
291;236
291;237
291;240
291;242
291;246
291;256
291;258
291;267
291;278
291;326
291;331
291;368
291;369
292;36
292;113
292;283
292;338
292;344
292;353
293;16
293;23
293;40
293;42
293;46
293;66
293;80
293;84
293;102
293;104
293;106
293;122
293;124
293;135
293;140
293;160
293;164
293;169
293;181
293;194
293;208
293;216
293;218
293;251
293;262
293;274
293;277
293;286
293;294
293;303
293;327
293;367
294;23
294;40
294;44
294;46
294;84
294;85
294;90
294;97
294;102
294;104
294;106
294;107
294;122
294;124
294;126
294;128
294;134
294;135
294;154
294;164
294;169
294;172
294;179
294;181
294;194
294;208
294;216
294;218
294;250
294;251
294;272
294;277
294;293
294;363
295;257
296;49
296;75
296;86
296;101
296;119
296;198
296;205
296;209
296;269
296;302
296;307
298;232
298;312
298;322
298;382
299;130
299;145
299;152
299;192
299;200
299;201
299;206
299;211
299;234
299;270
299;301
299;319
299;323
299;331
299;335
299;336
299;343
299;356
299;373
301;192
301;198
301;206
301;235
301;239
301;288
301;299
301;336
302;4
302;49
302;86
302;89
302;119
302;168
302;198
302;205
302;209
302;269
302;296
302;336
302;379
303;46
303;80
303;84
303;104
303;106
303;122
303;124
303;128
303;135
303;164
303;169
303;181
303;218
303;251
303;262
303;274
303;282
303;293
303;327
303;367
305;149
305;150
305;159
305;281
305;288
305;310
306;13
306;22
306;47
306;50
306;51
306;54
306;73
306;88
306;93
306;105
306;119
306;120
306;130
306;131
306;141
306;149
306;152
306;177
306;178
306;189
306;199
306;204
306;222
306;234
306;242
306;243
306;256
306;258
306;278
306;311
306;324
306;326
306;331
306;350
306;368
306;380
307;49
307;75
307;86
307;87
307;89
307;94
307;119
307;166
307;168
307;209
307;253
307;296
307;317
307;336
307;376
307;379
309;70
309;92
309;248
309;271
309;290
309;349
309;357
309;362
310;117
310;119
310;143
310;147
310;149
310;150
310;178
310;196
310;220
310;228
310;249
310;255
310;260
310;288
310;305
310;358
311;11
311;19
311;20
311;22
311;47
311;50
311;51
311;52
311;53
311;54
311;73
311;86
311;88
311;93
311;100
311;105
311;114
311;119
311;120
311;130
311;131
311;133
311;158
311;167
311;176
311;177
311;178
311;182
311;204
311;231
311;236
311;237
311;238
311;240
311;242
311;245
311;249
311;256
311;258
311;261
311;267
311;278
311;285
311;306
311;323
311;326
311;331
311;341
311;347
311;368
311;369
312;103
312;138
312;139
312;174
312;214
312;232
312;276
312;298
312;320
312;322
312;382
313;111
313;119
313;143
313;144
313;150
313;191
313;200
313;201
313;213
313;219
313;228
313;230
313;249
313;254
313;260
313;264
313;280
313;281
313;288
313;358
314;119
314;144
314;145
314;147
314;168
314;198
314;201
314;343
315;17
315;19
315;20
315;22
315;29
315;38
315;47
315;51
315;59
315;81
315;86
315;88
315;100
315;114
315;120
315;123
315;130
315;131
315;132
315;151
315;157
315;158
315;170
315;178
315;182
315;199
315;204
315;206
315;222
315;223
315;231
315;235
315;236
315;237
315;238
315;239
315;240
315;242
315;245
315;256
315;267
315;280
315;285
315;316
315;323
315;324
315;331
315;341
315;359
315;368
315;369
316;150
316;245
316;265
316;315
317;49
317;75
317;86
317;87
317;89
317;94
317;119
317;166
317;198
317;205
317;209
317;253
317;307
317;336
317;345
317;376
317;379
319;150
319;200
319;201
319;211
319;253
319;299
319;343
319;345
319;356
320;174
320;232
320;312
320;322
320;382
321;162
321;210
321;290
321;328
321;349
321;354
322;138
322;139
322;174
322;229
322;232
322;298
322;312
322;320
322;329
322;335
322;356
322;382
323;26
323;47
323;100
323;114
323;119
323;120
323;123
323;131
323;132
323;142
323;152
323;176
323;178
323;206
323;222
323;234
323;238
323;239
323;240
323;245
323;256
323;267
323;285
323;299
323;311
323;315
323;331
323;341
323;368
323;369
324;3
324;11
324;13
324;18
324;19
324;22
324;50
324;54
324;74
324;90
324;93
324;105
324;119
324;123
324;149
324;151
324;157
324;175
324;178
324;189
324;196
324;199
324;204
324;206
324;222
324;231
324;242
324;245
324;246
324;256
324;264
324;278
324;306
324;315
324;326
324;330
324;331
324;347
324;350
324;352
325;170
325;359
326;3
326;11
326;18
326;22
326;47
326;54
326;55
326;73
326;74
326;90
326;93
326;100
326;105
326;116
326;119
326;123
326;142
326;149
326;151
326;152
326;157
326;165
326;175
326;178
326;189
326;199
326;204
326;222
326;225
326;231
326;233
326;234
326;237
326;240
326;242
326;245
326;256
326;261
326;278
326;291
326;306
326;311
326;324
326;330
326;331
326;347
326;350
326;352
327;12
327;16
327;23
327;34
327;40
327;42
327;46
327;80
327;84
327;85
327;90
327;102
327;104
327;106
327;107
327;122
327;124
327;126
327;128
327;134
327;135
327;154
327;164
327;169
327;172
327;181
327;194
327;208
327;216
327;218
327;250
327;251
327;262
327;272
327;274
327;277
327;282
327;286
327;293
327;303
327;363
327;367
328;61
328;99
328;321
328;342
328;349
328;354
329;334
329;382
330;3
330;22
330;47
330;54
330;74
330;93
330;105
330;119
330;123
330;151
330;175
330;178
330;189
330;199
330;204
330;231
330;242
330;245
330;278
330;324
330;326
330;347
330;380
331;13
331;19
331;20
331;54
331;71
331;72
331;74
331;83
331;90
331;100
331;105
331;114
331;119
331;120
331;123
331;130
331;131
331;133
331;141
331;151
331;157
331;165
331;177
331;178
331;186
331;204
331;206
331;222
331;233
331;235
331;238
331;240
331;242
331;245
331;267
331;280
331;291
331;299
331;306
331;311
331;315
331;323
331;324
331;326
331;333
331;352
333;186
333;240
333;331
333;375
335;229
335;299
335;322
335;356
335;370
335;373
336;4
336;20
336;47
336;49
336;75
336;86
336;87
336;88
336;89
336;94
336;101
336;119
336;166
336;168
336;198
336;205
336;206
336;209
336;230
336;235
336;239
336;253
336;267
336;269
336;299
336;301
336;302
336;307
336;317
336;345
336;376
336;379
337;290
338;36
338;45
338;70
338;113
338;210
338;221
338;283
338;292
338;346
338;349
338;351
338;353
339;284
340;137
340;143
340;147
340;150
340;153
340;184
340;188
340;191
340;192
340;200
340;213
340;219
340;228
340;249
340;252
340;254
340;260
340;263
340;281
340;288
341;20
341;53
341;100
341;114
341;120
341;123
341;130
341;131
341;132
341;142
341;152
341;167
341;176
341;178
341;186
341;206
341;212
341;222
341;231
341;234
341;237
341;238
341;240
341;245
341;258
341;267
341;311
341;315
341;323
341;369
342;349
342;353
342;354
343;145
343;147
343;150
343;192
343;200
343;201
343;211
343;230
343;249
343;288
343;299
343;314
343;319
343;356
343;373
344;125
344;292
344;357
345;86
345;87
345;144
345;166
345;168
345;188
345;209
345;253
345;317
345;319
345;336
345;376
345;379
346;283
346;338
347;3
347;22
347;54
347;55
347;74
347;93
347;105
347;119
347;157
347;165
347;175
347;178
347;182
347;189
347;199
347;204
347;222
347;231
347;237
347;242
347;245
347;246
347;261
347;264
347;278
347;311
347;324
347;326
347;330
349;66
349;67
349;113
349;125
349;210
349;221
349;283
349;290
349;309
349;321
349;328
349;338
349;342
349;351
349;353
349;354
349;357
350;13
350;20
350;73
350;83
350;109
350;119
350;133
350;141
350;142
350;149
350;151
350;165
350;176
350;188
350;215
350;237
350;240
350;243
350;246
350;278
350;306
350;324
350;326
350;352
351;48
351;61
351;92
351;99
351;190
351;221
351;248
351;290
351;338
351;349
351;353
351;361
352;18
352;71
352;83
352;88
352;90
352;93
352;141
352;142
352;151
352;157
352;176
352;177
352;196
352;199
352;215
352;222
352;237
352;243
352;246
352;324
352;326
352;331
352;350
353;36
353;113
353;190
353;292
353;338
353;342
353;349
353;351
354;61
354;66
354;67
354;118
354;125
354;163
354;221
354;248
354;271
354;283
354;290
354;321
354;328
354;342
354;349
354;357
354;361
355;38
355;65
355;81
355;112
355;129
355;171
355;183
355;266
355;359
355;371
356;280
356;299
356;319
356;322
356;335
356;343
356;370
357;45
357;66
357;67
357;77
357;98
357;290
357;309
357;344
357;349
357;354
357;361
358;111
358;114
358;119
358;143
358;144
358;147
358;149
358;159
358;188
358;191
358;196
358;200
358;202
358;213
358;220
358;243
358;249
358;252
358;260
358;263
358;264
358;268
358;281
358;288
358;310
358;313
359;100
359;315
359;325
359;355
361;61
361;92
361;163
361;248
361;290
361;351
361;354
361;357
362;92
362;118
362;271
362;309
363;9
363;12
363;23
363;31
363;40
363;42
363;44
363;46
363;66
363;78
363;84
363;85
363;90
363;97
363;102
363;104
363;106
363;107
363;122
363;124
363;126
363;128
363;134
363;135
363;154
363;164
363;169
363;172
363;179
363;181
363;194
363;208
363;216
363;218
363;250
363;251
363;262
363;272
363;277
363;294
363;327
366;59
366;100
366;132
366;147
366;195
366;217
366;227
366;240
366;381
367;42
367;44
367;84
367;90
367;106
367;134
367;135
367;169
367;172
367;181
367;218
367;251
367;262
367;277
367;293
367;303
367;327
368;53
368;114
368;119
368;120
368;123
368;130
368;131
368;151
368;165
368;177
368;178
368;204
368;224
368;226
368;238
368;240
368;245
368;258
368;291
368;306
368;311
368;315
368;323
368;369
369;53
369;114
369;119
369;120
369;130
369;131
369;158
369;177
369;178
369;182
369;186
369;207
369;223
369;237
369;238
369;240
369;249
369;258
369;267
369;285
369;291
369;311
369;315
369;323
369;341
369;368
370;356
371;21
371;38
371;59
371;65
371;81
371;129
371;266
371;355
371;374
373;299
373;335
373;343
373;382
374;38
374;59
374;65
374;81
374;112
374;129
374;266
374;371
375;130
375;223
375;240
375;280
375;333
376;49
376;75
376;86
376;87
376;89
376;94
376;119
376;166
376;168
376;188
376;198
376;205
376;209
376;253
376;307
376;317
376;336
376;345
376;379
377;78
379;89
379;94
379;144
379;168
379;198
379;205
379;209
379;253
379;302
379;307
379;317
379;336
379;345
379;376
380;50
380;51
380;52
380;54
380;105
380;119
380;131
380;141
380;149
380;167
380;178
380;204
380;240
380;242
380;243
380;258
380;278
380;306
380;330
381;100
381;129
381;132
381;195
381;217
381;227
381;240
381;366
382;103
382;139
382;174
382;201
382;229
382;232
382;276
382;298
382;308
382;312
382;320
382;322
382;329
382;373
